{
  "tracks": [
    {
      "artist": "AJR",
      "album": "The Click (Deluxe Edition)",
      "track": "Burn the House Down",
      "uri": "spotify:track:4u8Gkqyg87iGSW3hQbbnQZ"
    },
    {
      "artist": "Martin Garrix",
      "album": "Hero",
      "track": "Hero",
      "uri": "spotify:track:4Wu62DoQg1ECGlDKDfo30R"
    },
    {
      "artist": "Post Malone",
      "album": "Hollywood's Bleeding",
      "track": "Circles",
      "uri": "spotify:track:21jGcNKet2qwijlDFuPiPb"
    },
    {
      "artist": "Led Zeppelin",
      "album": "Led Zeppelin III",
      "track": "Immigrant Song - Remaster",
      "uri": "spotify:track:78lgmZwycJ3nzsdgmPPGNx"
    },
    {
      "artist": "Twenty One Pilots",
      "album": "Heathens",
      "track": "Heathens",
      "uri": "spotify:track:6i0V12jOa3mr6uu4WYhUBr"
    },
    {
      "artist": "Aaron Smith",
      "album": "Ibiza 2019",
      "track": "Dancin - Krono Remix",
      "uri": "spotify:track:4IlqQhaxrGPxmg35YcXXuS"
    },
    {
      "artist": "Rick Astley",
      "album": "Whenever You Need Somebody",
      "track": "Never Gonna Give You Up",
      "uri": "spotify:track:4PTG3Z6ehGkBFwjybzWkR8"
    },
    {
      "artist": "Panic! At The Disco",
      "album": "Pray for the Wicked",
      "track": "High Hopes",
      "uri": "spotify:track:1rqqCSm0Qe4I9rUvWncaom"
    },
    {
      "artist": "The Score",
      "album": "ATLAS",
      "track": "On And On",
      "uri": "spotify:track:65Ce0h4SA18GuH6nuI1QWe"
    },
    {
      "artist": "Post Malone",
      "album": "Hollywood's Bleeding",
      "track": "Sunflower - Spider-Man: Into the Spider-Verse",
      "uri": "spotify:track:0RiRZpuVRbi7oqRdSMwhQY"
    },
    {
      "artist": "The Chainsmokers",
      "album": "All We Know",
      "track": "All We Know",
      "uri": "spotify:track:2rizacJSyD9S1IQUxUxnsK"
    },
    {
      "artist": "AJR",
      "album": "OK ORCHESTRA",
      "track": "Bang!",
      "uri": "spotify:track:2I2AqFb0f9UNnolWc2MafC"
    },
    {
      "artist": "Charlie Puth",
      "album": "Nine Track Mind",
      "track": "We Don't Talk Anymore (feat. Selena Gomez)",
      "uri": "spotify:track:06KyNuuMOX1ROXRhj787tj"
    },
    {
      "artist": "Lynyrd Skynyrd",
      "album": "Second Helping",
      "track": "Sweet Home Alabama",
      "uri": "spotify:track:7e89621JPkKaeDSTQ3avtg"
    },
    {
      "artist": "JVKE",
      "album": "this is what ____ feels like (Vol. 1-4)",
      "track": "golden hour",
      "uri": "spotify:track:5odlY52u43F5BjByhxg7wg"
    },
    {
      "artist": "Panic! At The Disco",
      "album": "Pray for the Wicked",
      "track": "Hey Look Ma, I Made It",
      "uri": "spotify:track:22oEJW6r2rMb9z4IntfyEa"
    },
    {
      "artist": "Arctic Monkeys",
      "album": "AM",
      "track": "I Wanna Be Yours",
      "uri": "spotify:track:5XeFesFbtLpXzIVDNQP22n"
    },
    {
      "artist": "Imagine Dragons",
      "album": "Origins",
      "track": "Natural",
      "uri": "spotify:track:2FY7b99s15jUprqC0M5NCT"
    },
    {
      "artist": "The Kid LAROI",
      "album": "F*CK LOVE 3+: OVER YOU",
      "track": "STAY (with Justin Bieber)",
      "uri": "spotify:track:567e29TDzLwZwfDuEpGTwo"
    },
    {
      "artist": "The Chainsmokers",
      "album": "Closer",
      "track": "Closer",
      "uri": "spotify:track:7BKLCZ1jbUBVqRi2FVlTVw"
    },
    {
      "artist": "LEMMiNO",
      "album": "Cipher",
      "track": "Cipher",
      "uri": "spotify:track:1ov4hZO5md2qGjtEIUCTK0"
    },
    {
      "artist": "Periphery",
      "album": "Periphery III: Select Difficulty",
      "track": "Marigold",
      "uri": "spotify:track:2YZZ8qsDdvC008LgtpMoI6"
    },
    {
      "artist": "Toby Fox",
      "album": "UNDERTALE Soundtrack",
      "track": "Hopes And Dreams",
      "uri": "spotify:track:7CMVo848b9LsUtVavIoiXC"
    },
    {
      "artist": "KSI",
      "album": "Disstracktions - EP",
      "track": "Adam's Apple",
      "uri": "spotify:track:10X1AHgEmK1sci3oNeimwy"
    },
    {
      "artist": "Maroon 5",
      "album": "Overexposed Track By Track",
      "track": "Payphone",
      "uri": "spotify:track:1XGmzt0PVuFgQYYnV2It7A"
    },
    {
      "artist": "The Score",
      "album": "ATLAS",
      "track": "Money Run Low",
      "uri": "spotify:track:3LhGRE7ZNOEZhrqazWMYRI"
    },
    {
      "artist": "Eminem",
      "album": "Encore",
      "track": "Mockingbird",
      "uri": "spotify:track:561jH07mF1jHuk7KlaeF0s"
    },
    {
      "artist": "Charlie Puth",
      "album": "Voicenotes",
      "track": "Attention",
      "uri": "spotify:track:5cF0dROlMOK5uNZtivgu50"
    },
    {
      "artist": "TheFatRat",
      "album": "Time Lapse",
      "track": "Time Lapse",
      "uri": "spotify:track:3v8aPisqoGRZEwwf2rCeXQ"
    },
    {
      "artist": "BoyWithUke",
      "album": "Serotonin Dreams",
      "track": "Toxic",
      "uri": "spotify:track:3M214U0mwSm041GsQR3nrO"
    },
    {
      "artist": "Macklemore & Ryan Lewis",
      "album": "The Heist",
      "track": "Can't Hold Us (feat. Ray Dalton)",
      "uri": "spotify:track:3bidbhpOYeV4knp8AIu8Xn"
    },
    {
      "artist": "Glass Animals",
      "album": "Dreamland",
      "track": "Heat Waves",
      "uri": "spotify:track:02MWAaffLxlfxAUY7c5dvx"
    },
    {
      "artist": "Noah Cyrus",
      "album": "THE END OF EVERYTHING",
      "track": "July",
      "uri": "spotify:track:6J2LdBN97cDWn0MLxYh9HB"
    },
    {
      "artist": "Arctic Monkeys",
      "album": "Favourite Worst Nightmare",
      "track": "505",
      "uri": "spotify:track:0BxE4FqsDD1Ot4YuBXwAPp"
    },
    {
      "artist": "Arctic Monkeys",
      "album": "AM",
      "track": "Why'd You Only Call Me When You're High?",
      "uri": "spotify:track:086myS9r57YsLbJpU0TgK9"
    },
    {
      "artist": "Coldplay",
      "album": "Everyday Life",
      "track": "Trouble In Town",
      "uri": "spotify:track:45PqOIkZ9PdCjsCJQYzx9G"
    },
    {
      "artist": "The Chainsmokers",
      "album": "Memories...Do Not Open",
      "track": "Something Just Like This",
      "uri": "spotify:track:6RUKPb4LETWmmr3iAEQktW"
    },
    {
      "artist": "The Weeknd",
      "album": "Starboy",
      "track": "Die For You",
      "uri": "spotify:track:2Ch7LmS7r2Gy2kc64wv3Bz"
    },
    {
      "artist": "TheFatRat",
      "album": "Jackpot",
      "track": "Jackpot",
      "uri": "spotify:track:3msQJEmoSGNJGvyDCMMafB"
    },
    {
      "artist": "BANNERS",
      "album": "Someone To You",
      "track": "Someone To You - Acoustic",
      "uri": "spotify:track:6T1zHElTuU8UgfDwomdetB"
    },
    {
      "artist": "The Chainsmokers",
      "album": "Memories...Do Not Open",
      "track": "Paris",
      "uri": "spotify:track:72jbDTw1piOOj770jWNeaG"
    },
    {
      "artist": "Thousand Foot Krutch",
      "album": "The End Is Where We Begin",
      "track": "Courtesy Call",
      "uri": "spotify:track:0AOmbw8AwDnwXhHC3OhdVB"
    },
    {
      "artist": "The Kid LAROI",
      "album": "STAY (with Justin Bieber)",
      "track": "STAY (with Justin Bieber)",
      "uri": "spotify:track:5HCyWlXZPP0y6Gqq8TgA20"
    },
    {
      "artist": "Pharrell Williams",
      "album": "Despicable Me 3 (Original Motion Picture Soundtrack)",
      "track": "Despicable Me",
      "uri": "spotify:track:1Uk3UZEQzyn1Z2Kb7QkuWR"
    },
    {
      "artist": "Boyinaband",
      "album": "Life Is Fun",
      "track": "Life Is Fun",
      "uri": "spotify:track:6Q8mqjuz8xqdoUjhZQDfY7"
    },
    {
      "artist": "Nathan Dawe",
      "album": "Lighter (feat. KSI)",
      "track": "Lighter (feat. KSI)",
      "uri": "spotify:track:5lWUeSYO61UYgNlFlqcwYl"
    },
    {
      "artist": "Imagine Dragons",
      "album": "Night Visions",
      "track": "On Top Of The World",
      "uri": "spotify:track:213x4gsFDm04hSqIUkg88w"
    },
    {
      "artist": "Thousand Foot Krutch",
      "album": "The End Is Where We Begin",
      "track": "War of Change",
      "uri": "spotify:track:1qUHD9oPIMFHKpR12NY2KC"
    },
    {
      "artist": "Dr. Dre",
      "album": "2001",
      "track": "Still D.R.E.",
      "uri": "spotify:track:503OTo2dSqe7qk76rgsbep"
    },
    {
      "artist": "VGR",
      "album": "Giorno's Theme (From \"JoJo's Bizarre Adventure\")",
      "track": "Giorno's Theme (From \"JoJo's Bizarre Adventure\")",
      "uri": "spotify:track:7L3544OMMNCnRZyBJ4gjq8"
    },
    {
      "artist": "Imagine Dragons",
      "album": "Mercury - Acts 1 & 2",
      "track": "Enemy (with JID) - from the series Arcane League of Legends",
      "uri": "spotify:track:3CIyK1V4JEJkg02E4EJnDl"
    },
    {
      "artist": "Marshmello",
      "album": "Silence",
      "track": "Silence",
      "uri": "spotify:track:7vGuf3Y35N4wmASOKLUVVU"
    },
    {
      "artist": "AC/DC",
      "album": "Iron Man 2",
      "track": "Shoot to Thrill",
      "uri": "spotify:track:6GzCkTddOn1vSln1gbSr8y"
    },
    {
      "artist": "The Weeknd",
      "album": "Starboy",
      "track": "I Feel It Coming",
      "uri": "spotify:track:3dhjNA0jGA8vHBQ1VdD6vV"
    },
    {
      "artist": "Arctic Monkeys",
      "album": "AM",
      "track": "Do I Wanna Know?",
      "uri": "spotify:track:5FVd6KXrgO9B3JPmC8OPst"
    },
    {
      "artist": "OneRepublic",
      "album": "Human",
      "track": "Run",
      "uri": "spotify:track:6KL88T4Ma4ABXqzgUoEwkd"
    },
    {
      "artist": "Daft Punk",
      "album": "Get Lucky (feat. Pharrell Williams & Nile Rodgers)",
      "track": "Get Lucky (feat. Pharrell Williams & Nile Rodgers) - Radio Edit",
      "uri": "spotify:track:2Foc5Q5nqNiosCNqttzHof"
    },
    {
      "artist": "Friedrich Habetler",
      "album": "Giorno's Theme",
      "track": "Giorno's Theme",
      "uri": "spotify:track:0oFPCGIO4t2cmOkksXknoD"
    },
    {
      "artist": "Maroon 5",
      "album": "JORDI",
      "track": "Memories",
      "uri": "spotify:track:4cktbXiXOapiLBMprHFErI"
    },
    {
      "artist": "Fall Out Boy",
      "album": "American Beauty/American Psycho",
      "track": "Immortals",
      "uri": "spotify:track:3Te8uLyit6X3ncNW8Fp3K2"
    },
    {
      "artist": "OneRepublic",
      "album": "Native",
      "track": "Counting Stars",
      "uri": "spotify:track:2tpWsVSb9UEmDRxAl1zhX1"
    },
    {
      "artist": "WALK THE MOON",
      "album": "TALKING IS HARD",
      "track": "Shut Up and Dance",
      "uri": "spotify:track:4kbj5MwxO1bq9wjT5g9HaA"
    },
    {
      "artist": "Arctic Monkeys",
      "album": "Favourite Worst Nightmare",
      "track": "Fluorescent Adolescent",
      "uri": "spotify:track:2x8evxqUlF0eRabbW2JBJd"
    },
    {
      "artist": "JVKE",
      "album": "anxiety.",
      "track": "anxiety.",
      "uri": "spotify:track:69nR37Z0U1yh7W6KUlTHJ1"
    },
    {
      "artist": "Maroon 5",
      "album": "Singles",
      "track": "Moves Like Jagger",
      "uri": "spotify:track:1r299qCKBLgUS9XJ9m1kEx"
    },
    {
      "artist": "The Score",
      "album": "Metamorph",
      "track": "Enemies",
      "uri": "spotify:track:3LBLmC8gqvt1l43kdpx43w"
    },
    {
      "artist": "Bastille",
      "album": "Bad Blood",
      "track": "Pompeii",
      "uri": "spotify:track:6fNhZRFEkBfgW39W3wKARJ"
    },
    {
      "artist": "KSI",
      "album": "Wake Up Call (feat. Trippie Redd, Tobi & P Money)",
      "track": "Wake Up Call (feat. Trippie Redd, Tobi & P Money) (Yoshi Remix)",
      "uri": "spotify:track:74JHkGzaDBa6LWqw3fAWsC"
    },
    {
      "artist": "VGR",
      "album": "Overwatch (Victory Theme)",
      "track": "Overwatch (Victory Theme)",
      "uri": "spotify:track:0mX4Jdfq9H1ZWZqnq39dXY"
    },
    {
      "artist": "The Score",
      "album": "Carry On",
      "track": "Born For This",
      "uri": "spotify:track:7uCBGNn991AM68fR4tSDco"
    },
    {
      "artist": "The Weeknd",
      "album": "Starboy",
      "track": "Starboy",
      "uri": "spotify:track:7MXVkk9YMctZqd1Srtv4MB"
    },
    {
      "artist": "One Direction",
      "album": "Made In The A.M.",
      "track": "Drag Me Down",
      "uri": "spotify:track:2K87XMYnUMqLcX3zvtAF4G"
    },
    {
      "artist": "AJR",
      "album": "Neotheater",
      "track": "100 Bad Days",
      "uri": "spotify:track:0WmH9fXWCQ51RQi1kWPJrI"
    },
    {
      "artist": "VGR",
      "album": "Mii Channel",
      "track": "Mii Channel",
      "uri": "spotify:track:0QWG1EI0Oevf27JgZ5v42C"
    },
    {
      "artist": "Imagine Dragons",
      "album": "Mercury - Acts 1 & 2",
      "track": "Bones",
      "uri": "spotify:track:54ipXppHLA8U4yqpOFTUhr"
    },
    {
      "artist": "Coldplay",
      "album": "A Rush of Blood to the Head",
      "track": "The Scientist",
      "uri": "spotify:track:75JFxkI2RXiU7L9VXzMkle"
    },
    {
      "artist": "Twenty One Pilots",
      "album": "Blurryface",
      "track": "Ride",
      "uri": "spotify:track:2Z8WuEywRWYTKe1NybPQEW"
    },
    {
      "artist": "J. Cole",
      "album": "2014 Forest Hills Drive",
      "track": "No Role Modelz",
      "uri": "spotify:track:68Dni7IE4VyPkTOH9mRWHr"
    },
    {
      "artist": "Alan Walker",
      "album": "The Spectre",
      "track": "The Spectre",
      "uri": "spotify:track:2DGa7iaidT5s0qnINlwMjJ"
    },
    {
      "artist": "Passenger",
      "album": "All the Little Lights (Deluxe)",
      "track": "Let Her Go",
      "uri": "spotify:track:2pUpNOgJBIBCcjyQZQ00qU"
    },
    {
      "artist": "The Score",
      "album": "ATLAS",
      "track": "Unstoppable",
      "uri": "spotify:track:6rrKbzJGGDlSZgLphopS49"
    },
    {
      "artist": "Stellar",
      "album": "Bad Dream",
      "track": "Bad Dream",
      "uri": "spotify:track:4vDGc8mD9kHbC2Yy6pF6SE"
    },
    {
      "artist": "Halsey",
      "album": "BADLANDS",
      "track": "Gasoline",
      "uri": "spotify:track:2IO7yf562c1zLzpanal1DT"
    },
    {
      "artist": "Shawn Mendes",
      "album": "Illuminate",
      "track": "There's Nothing Holdin' Me Back",
      "uri": "spotify:track:7JJmb5XwzOO8jgpou264Ml"
    },
    {
      "artist": "Stellar",
      "album": "Blur",
      "track": "Blur",
      "uri": "spotify:track:16Azhyv8164hYxI8Ax3F5k"
    },
    {
      "artist": "Sheet Music Boss",
      "album": "Pianocraft - Volume Alpha",
      "track": "Wet Hands",
      "uri": "spotify:track:61xIN8LFztwwnvXQgxvQe8"
    },
    {
      "artist": "Bring Me The Horizon",
      "album": "Sempiternal",
      "track": "Can You Feel My Heart",
      "uri": "spotify:track:0WSa1sucoNRcEeULlZVQXj"
    },
    {
      "artist": "Eminem",
      "album": "The Marshall Mathers LP",
      "track": "The Real Slim Shady",
      "uri": "spotify:track:3yfqSUWxFvZELEM4PmlwIR"
    },
    {
      "artist": "Daft Punk",
      "album": "Random Access Memories",
      "track": "Instant Crush (feat. Julian Casablancas)",
      "uri": "spotify:track:2cGxRwrMyEAp8dEbuZaVv6"
    },
    {
      "artist": "AJR",
      "album": "OK ORCHESTRA",
      "track": "Way Less Sad",
      "uri": "spotify:track:6YIivt0G3ZUuNrM62jp9pL"
    },
    {
      "artist": "KSI",
      "album": "Holiday",
      "track": "Holiday",
      "uri": "spotify:track:3G2omDJ5ZGYSiJV3UOOPw0"
    },
    {
      "artist": "Lucas Pittman",
      "album": "Bomb",
      "track": "Swagger Stagger",
      "uri": "spotify:track:2n53xBpbkLH2tHIr8JoGRb"
    },
    {
      "artist": "Coldplay",
      "album": "Music Of The Spheres",
      "track": "Let Somebody Go",
      "uri": "spotify:track:4cGqn0E8JCSY9gQllQj4Mf"
    },
    {
      "artist": "Favored Nations",
      "album": "The Music of Grand Theft Auto V, Vol. 1: Original Music",
      "track": "The Set Up",
      "uri": "spotify:track:5ObACsupwtxnYfOWKO0Wzo"
    },
    {
      "artist": "AJR",
      "album": "The Click",
      "track": "Weak",
      "uri": "spotify:track:3BuLtAmXKy5uQYl4ED1zBT"
    },
    {
      "artist": "Arctic Monkeys",
      "album": "Favourite Worst Nightmare",
      "track": "Old Yellow Bricks",
      "uri": "spotify:track:5KGbRvZyVyKP2AEJMHErB4"
    },
    {
      "artist": "Lil B",
      "album": "The Complete Myspace Collection, Vol. 4",
      "track": "Swag Like Ohio",
      "uri": "spotify:track:7o8cvobGNd2IbhCz7J0DvB"
    },
    {
      "artist": "Tai Verdes",
      "album": "AOK",
      "track": "AOK",
      "uri": "spotify:track:1v3Ozpbcx2B926aVW0UuXk"
    },
    {
      "artist": "VALORANT",
      "album": "Fire Again",
      "track": "Fire Again",
      "uri": "spotify:track:02rlJHfeHfAe7ozTFnDbGi"
    },
    {
      "artist": "Lil Nas X",
      "album": "MONTERO",
      "track": "INDUSTRY BABY (feat. Jack Harlow)",
      "uri": "spotify:track:5Z9KJZvQzH6PFmb8SNkxuk"
    },
    {
      "artist": "Wiz Khalifa",
      "album": "See You Again (feat. Charlie Puth)",
      "track": "See You Again (feat. Charlie Puth)",
      "uri": "spotify:track:2JzZzZUQj3Qff7wapcbKjc"
    },
    {
      "artist": "Axwell /\\ Ingrosso",
      "album": "More Than You Know",
      "track": "More Than You Know",
      "uri": "spotify:track:6h5PAsRni4IRlxWr6uDPTP"
    },
    {
      "artist": "Maroon 5",
      "album": "V",
      "track": "Maps",
      "uri": "spotify:track:7oUHzZKNKUTrlU7DYxhQ7v"
    },
    {
      "artist": "Alan Walker",
      "album": "Different World",
      "track": "Faded",
      "uri": "spotify:track:698ItKASDavgwZ3WjaWjtz"
    },
    {
      "artist": "Tai Verdes",
      "album": "TV",
      "track": "AOK",
      "uri": "spotify:track:1sx0XsWUusUoPstbvokZjP"
    },
    {
      "artist": "Mark Ronson",
      "album": "Uptown Special",
      "track": "Uptown Funk (feat. Bruno Mars)",
      "uri": "spotify:track:32OlwWuMpZ6b0aN2RZOeMS"
    },
    {
      "artist": "Twenty One Pilots",
      "album": "Blurryface",
      "track": "Stressed Out",
      "uri": "spotify:track:3CRDbSIZ4r5MsZ0YwxuEkn"
    },
    {
      "artist": "The Weeknd",
      "album": "After Hours",
      "track": "Blinding Lights",
      "uri": "spotify:track:0VjIjW4GlUZAMYd2vXMi3b"
    },
    {
      "artist": "Wilbur Soot",
      "album": "Your New Boyfriend",
      "track": "Your New Boyfriend",
      "uri": "spotify:track:4vLBnQtece15fFhqWxZvJP"
    },
    {
      "artist": "Toby Fox",
      "album": "UNDERTALE Soundtrack",
      "track": "Shop",
      "uri": "spotify:track:5OyWN37xTdZtjbSQ15FA8K"
    },
    {
      "artist": "The Script",
      "album": "#3 Deluxe Version",
      "track": "Hall of Fame",
      "uri": "spotify:track:0FB5ILDICqwK6xj7W1RP9u"
    },
    {
      "artist": "BoyWithUke",
      "album": "Serotonin Dreams",
      "track": "IDGAF (with blackbear)",
      "uri": "spotify:track:4ZUpTMKPYFTfJqamWFU9Zv"
    },
    {
      "artist": "Passenger",
      "album": "The Way That I Love You",
      "track": "The Way That I Love You - single version",
      "uri": "spotify:track:7DZ8n63a46dU6iUyN9OeRl"
    },
    {
      "artist": "Maroon 5",
      "album": "Overexposed Track By Track",
      "track": "One More Night",
      "uri": "spotify:track:6cpk00i5TxCqSeqNi2HuIe"
    },
    {
      "artist": "JVKE",
      "album": "this is what ____ feels like (Vol. 1-4)",
      "track": "this is what falling in love feels like",
      "uri": "spotify:track:2PWTZV5znjLtZC5T1EVJvL"
    },
    {
      "artist": "Shawn Mendes",
      "album": "Illuminate",
      "track": "Treat You Better",
      "uri": "spotify:track:3QGsuHI8jO1Rx4JWLUh9jd"
    },
    {
      "artist": "VALORANT",
      "album": "Die For You",
      "track": "Die For You",
      "uri": "spotify:track:2lz3zjQ5QCVXiyOzIk02vW"
    },
    {
      "artist": "TheFatRat",
      "album": "Xenogenesis",
      "track": "Xenogenesis",
      "uri": "spotify:track:5iRVNYbhfWNO2VzBykX7GS"
    },
    {
      "artist": "Kanye West",
      "album": "Donda",
      "track": "Moon",
      "uri": "spotify:track:7CC6UbCs4iGsePSzFxYxNn"
    },
    {
      "artist": "XXXTENTACION",
      "album": "?",
      "track": "Hope",
      "uri": "spotify:track:2ZRo7axmMPeSVUvDbGkJah"
    },
    {
      "artist": "AJR",
      "album": "The DJ Is Crying For Help",
      "track": "The DJ Is Crying For Help",
      "uri": "spotify:track:2fihoO76h66Hio6noF4tQD"
    },
    {
      "artist": "Sheet Music Boss",
      "album": "Undertale Piano Favourites",
      "track": "Undertale",
      "uri": "spotify:track:3cV1MBflmDQvaCpOOJd6BH"
    },
    {
      "artist": "Led Zeppelin",
      "album": "Led Zeppelin IV",
      "track": "Stairway to Heaven - Remaster",
      "uri": "spotify:track:5CQ30WqJwcep0pYcV4AMNc"
    },
    {
      "artist": "AJR",
      "album": "Let the Games Begin",
      "track": "Let the Games Begin",
      "uri": "spotify:track:2pwnEzgIzYL4AOw4ousjkB"
    },
    {
      "artist": "VGR",
      "album": "Wii Shop Channel",
      "track": "Wii Shop Channel",
      "uri": "spotify:track:6DJhF4BgwFDJ9ACoDA26of"
    },
    {
      "artist": "AJR",
      "album": "OK ORCHESTRA",
      "track": "World's Smallest Violin",
      "uri": "spotify:track:68EkhVWIeULhHxcbi1QhzK"
    },
    {
      "artist": "Sheet Music Boss",
      "album": "Pianocraft - Volume Beta",
      "track": "Aria Math",
      "uri": "spotify:track:2EmWQ0xYPR0xGVONfsjn7D"
    },
    {
      "artist": "The Script",
      "album": "No Sound Without Silence",
      "track": "Superheroes",
      "uri": "spotify:track:37sINbJZcFdHFAsVNsPq1i"
    },
    {
      "artist": "VGR",
      "album": "Wii Sports",
      "track": "Wii Sports",
      "uri": "spotify:track:4mn9xkejyNn8EBKhrOf3aW"
    },
    {
      "artist": "Imagine Dragons",
      "album": "Origins",
      "track": "Bad Liar",
      "uri": "spotify:track:2RSHsoi04658QL5xgQVov3"
    },
    {
      "artist": "Arctic Monkeys",
      "album": "AM",
      "track": "R U Mine?",
      "uri": "spotify:track:2AT8iROs4FQueDv2c8q2KE"
    },
    {
      "artist": "Twenty One Two",
      "album": "I Kissed a Girl",
      "track": "I Kissed a Girl",
      "uri": "spotify:track:7GVG4D05U3WcTAzfbZECMs"
    },
    {
      "artist": "Mick Gordon",
      "album": "Doom (Original Game Soundtrack)",
      "track": "Rip & Tear",
      "uri": "spotify:track:5soMJpcVhSrGrB4prvPL6P"
    },
    {
      "artist": "Lauv",
      "album": "I met you when I was 18.",
      "track": "I Like Me Better",
      "uri": "spotify:track:0EcQcdcbQeVJn9fknj44Be"
    },
    {
      "artist": "Imagine Dragons",
      "album": "Evolve",
      "track": "Believer",
      "uri": "spotify:track:0pqnGHJpmpxLKifKRmU6WP"
    },
    {
      "artist": "Imagine Dragons",
      "album": "Roots",
      "track": "Roots",
      "uri": "spotify:track:4GITtbZtRCQXhWLMXrWXHt"
    },
    {
      "artist": "VALORANT",
      "album": "VISIONS",
      "track": "VISIONS",
      "uri": "spotify:track:2pscAWkm3jAxcrpBwOtQmS"
    },
    {
      "artist": "Fall Out Boy",
      "album": "American Beauty/American Psycho",
      "track": "Centuries",
      "uri": "spotify:track:04aAxqtGp5pv12UXAg4pkq"
    },
    {
      "artist": "Shawn Mendes",
      "album": "Handwritten",
      "track": "Stitches",
      "uri": "spotify:track:3zkWCteF82vJwv0hRLba76"
    },
    {
      "artist": "WALK THE MOON",
      "album": "Ghostbusters (Original Motion Picture Soundtrack)",
      "track": "Ghostbusters",
      "uri": "spotify:track:4xTMKnLtz1PVfZRElleujx"
    },
    {
      "artist": "OneRepublic",
      "album": "I Ain’t Worried",
      "track": "I Ain't Worried",
      "uri": "spotify:track:4h9wh7iOZ0GGn8QVp4RAOB"
    },
    {
      "artist": "Ed Sheeran",
      "album": "No.6 Collaborations Project",
      "track": "Remember The Name (feat. Eminem & 50 Cent)",
      "uri": "spotify:track:0AtP8EkGPn6SwxKDaUuXec"
    },
    {
      "artist": "Portal",
      "album": "Portal muzsika",
      "track": "Portal muzsika",
      "uri": "spotify:track:10Ol3zGXIaQBpdou6bl0i7"
    },
    {
      "artist": "Queen",
      "album": "Jazz",
      "track": "Don't Stop Me Now - Remastered 2011",
      "uri": "spotify:track:5T8EDUDqKcs6OSOwEsfqG7"
    },
    {
      "artist": "WALK THE MOON",
      "album": "TALKING IS HARD",
      "track": "Work This Body",
      "uri": "spotify:track:76EeScTnI2sCjDY0SfEoSb"
    },
    {
      "artist": "Foster The People",
      "album": "Imagination",
      "track": "Imagination",
      "uri": "spotify:track:2flxduIqEbsicdmPyj1WVW"
    },
    {
      "artist": "Roddy Ricch",
      "album": "Please Excuse Me for Being Antisocial",
      "track": "The Box",
      "uri": "spotify:track:0nbXyq5TXYPCO7pr3N8S4I"
    },
    {
      "artist": "Foster The People",
      "album": "Torches",
      "track": "Pumped Up Kicks",
      "uri": "spotify:track:7w87IxuO7BDcJ3YUqCyMTT"
    },
    {
      "artist": "Sheet Music Boss",
      "album": "Rush Collection",
      "track": "Rush E",
      "uri": "spotify:track:7CBN7Kwx1g8SBJZyUbhHc6"
    },
    {
      "artist": "Smash Mouth",
      "album": "Astro Lounge",
      "track": "All Star",
      "uri": "spotify:track:3cfOd4CMv2snFaKAnMdnvK"
    },
    {
      "artist": "Eminem",
      "album": "Just Lose It",
      "track": "Lose Yourself - From \"8 Mile\" Soundtrack",
      "uri": "spotify:track:1v7L65Lzy0j0vdpRjJewt1"
    },
    {
      "artist": "The Score",
      "album": "Carry On",
      "track": "Stronger",
      "uri": "spotify:track:3CrsuTJomWZmeXIvKhV45l"
    },
    {
      "artist": "Panic! At The Disco",
      "album": "Death of a Bachelor",
      "track": "House of Memories",
      "uri": "spotify:track:2DgdHcjWmO3qd50RzuBLgZ"
    },
    {
      "artist": "Nathan Dawe",
      "album": "Lighter (feat. KSI & Ella Henderson)",
      "track": "Lighter (feat. KSI & Ella Henderson) - Acoustic",
      "uri": "spotify:track:7AKVU7SsXyPlWvRJPSTWHV"
    },
    {
      "artist": "5 Seconds of Summer",
      "album": "Youngblood",
      "track": "Youngblood",
      "uri": "spotify:track:2iUXsYOEPhVqEBwsqP70rE"
    },
    {
      "artist": "Sheet Music Boss",
      "album": "Undertale Piano Favourites",
      "track": "Megalovania",
      "uri": "spotify:track:5CBZApxV9QlbVe44fUWvyg"
    },
    {
      "artist": "Panic! At The Disco",
      "album": "Death of a Bachelor",
      "track": "Death of a Bachelor",
      "uri": "spotify:track:1BECwm5qkaBwlbfo4kpYx8"
    },
    {
      "artist": "League of Legends",
      "album": "Legends Never Die",
      "track": "Legends Never Die",
      "uri": "spotify:track:1FpVJ7HpZInE2GvhVE2TwT"
    },
    {
      "artist": "The Neighbourhood",
      "album": "I Love You.",
      "track": "Sweater Weather",
      "uri": "spotify:track:2QjOHCTQ1Jl3zawyYOpxh6"
    },
    {
      "artist": "Fall Out Boy",
      "album": "Heartbreak Feels So Good",
      "track": "Heartbreak Feels So Good",
      "uri": "spotify:track:0Rw35DKIumkbbMC7XPOn5r"
    },
    {
      "artist": "The Weeknd",
      "album": "Starboy",
      "track": "Nothing Without You",
      "uri": "spotify:track:57qiTKh8bVX0VtfUNTQqhw"
    },
    {
      "artist": "Charlie Puth",
      "album": "Light Switch",
      "track": "Light Switch",
      "uri": "spotify:track:1BSMpVGWs3v5BZKnAQziAc"
    },
    {
      "artist": "John Denver",
      "album": "The Essential John Denver",
      "track": "Take Me Home, Country Roads",
      "uri": "spotify:track:13HaPtzk6OEREfoWcGY8xu"
    },
    {
      "artist": "The Weeknd",
      "album": "Dawn FM",
      "track": "Gasoline",
      "uri": "spotify:track:3KyKxJ4P3pVCgaZwaq2rUC"
    },
    {
      "artist": "The Score",
      "album": "ATLAS",
      "track": "Revolution",
      "uri": "spotify:track:7Fv8Qp3tTSbSS2VjryUF7L"
    },
    {
      "artist": "Kunning Fox",
      "album": "Back To Unova, Vol. I (Music From \"Pokémon Black & White\")",
      "track": "Accumula Town",
      "uri": "spotify:track:03RJu2XQZerxY8XJYJj7Xc"
    },
    {
      "artist": "Avicii",
      "album": "The Days / Nights",
      "track": "The Nights",
      "uri": "spotify:track:0ct6r3EGTcMLPtrXHDvVjc"
    },
    {
      "artist": "VGR",
      "album": "Wii Sports Resort",
      "track": "Wii Sports Resort",
      "uri": "spotify:track:095HPmkmBLYaQeKpbfrMWk"
    },
    {
      "artist": "Lil Nas X",
      "album": "MONTERO",
      "track": "THATS WHAT I WANT",
      "uri": "spotify:track:0e8nrvls4Qqv5Rfa2UhqmO"
    },
    {
      "artist": "Kodaline",
      "album": "Politics of Living",
      "track": "Brother",
      "uri": "spotify:track:65gLJGey4u4KFFqoC5fzFJ"
    },
    {
      "artist": "K/DA",
      "album": "POP/STARS",
      "track": "POP/STARS",
      "uri": "spotify:track:5sbooPcNgIE22DwO0VNGUJ"
    },
    {
      "artist": "Stellar",
      "album": "Stranger",
      "track": "Stranger",
      "uri": "spotify:track:79w5oc04QaB15czB3qO95w"
    },
    {
      "artist": "The Kid LAROI",
      "album": "F*CK LOVE 3: OVER YOU",
      "track": "STAY (with Justin Bieber)",
      "uri": "spotify:track:5PjdY0CKGZdEuoNab3yDmX"
    },
    {
      "artist": "Laszlo",
      "album": "Supernova",
      "track": "Supernova",
      "uri": "spotify:track:4zIAj6F6UhV88Yat35oFNA"
    },
    {
      "artist": "The Score",
      "album": "Metamorph",
      "track": "Fighter",
      "uri": "spotify:track:4gi2kndWShH9kDbb9kBfs6"
    },
    {
      "artist": "Lena Raine",
      "album": "Minecraft: Caves & Cliffs (Original Game Soundtrack)",
      "track": "Infinite Amethyst",
      "uri": "spotify:track:3Vkyy6CB4UDEvFncUBc53z"
    },
    {
      "artist": "Harry Styles",
      "album": "Harry's House",
      "track": "As It Was",
      "uri": "spotify:track:4Dvkj6JhhA12EX05fT7y2e"
    },
    {
      "artist": "Imagine Dragons",
      "album": "Night Visions",
      "track": "Demons",
      "uri": "spotify:track:5qaEfEh1AtSdrdrByCP7qR"
    },
    {
      "artist": "Black Sabbath",
      "album": "Power Rock, Vol. 2",
      "track": "Iron Man",
      "uri": "spotify:track:4jDU4qUPtD6DEr7La5LPek"
    },
    {
      "artist": "Sub Urban",
      "album": "Cradles",
      "track": "Cradles",
      "uri": "spotify:track:47UFoOuvrkt4khE7c5aap6"
    },
    {
      "artist": "The Chainsmokers",
      "album": "Something Just Like This",
      "track": "Something Just Like This",
      "uri": "spotify:track:1dNIEtp7AY3oDAKCGg2XkH"
    },
    {
      "artist": "Skrux",
      "album": "Our Fragment",
      "track": "Our Fragment",
      "uri": "spotify:track:7oGi0ndMedRLlw1CVdakGD"
    },
    {
      "artist": "The Black Keys",
      "album": "El Camino",
      "track": "Gold on the Ceiling",
      "uri": "spotify:track:5lN1EH25gdiqT1SFALMAq1"
    },
    {
      "artist": "Set It Off",
      "album": "Duality",
      "track": "Why Worry",
      "uri": "spotify:track:3apcJZpzCcIy6FNJVM1bYF"
    },
    {
      "artist": "Lynyrd Skynyrd",
      "album": "Pronounced' Leh-'Nerd 'Skin-'Nerd",
      "track": "Free Bird",
      "uri": "spotify:track:5EWPGh7jbTNO2wakv8LjUI"
    },
    {
      "artist": "Arctic Monkeys",
      "album": "AM",
      "track": "Arabella",
      "uri": "spotify:track:7nzsY8vlnKdvGOEE0rjAXZ"
    },
    {
      "artist": "Post Malone",
      "album": "Spider-Man: Into the Spider-Verse",
      "track": "Sunflower - Spider-Man: Into the Spider-Verse",
      "uri": "spotify:track:3KkXRkHbMCARz0aVfEt68P"
    },
    {
      "artist": "Justin Bieber",
      "album": "Purpose",
      "track": "Love Yourself",
      "uri": "spotify:track:50kpGaPAhYJ3sGmk6vplg0"
    },
    {
      "artist": "BANNERS",
      "album": "Where The Shadow Ends",
      "track": "Someone To You",
      "uri": "spotify:track:2f0pn9DkEJwAzXApnFh5cr"
    },
    {
      "artist": "Aperture Science Psychoacoustic Laboratories",
      "album": "Portal 2: Songs to Test By (Collectors Edition)",
      "track": "Still Alive",
      "uri": "spotify:track:3za3bQrlpdEwcT2C4t5Cag"
    }
  ],
  "albums": [
  ],
  "shows": [
  ],
  "episodes": [
  ],
  "bannedTracks": [
  ],
  "artists": [
    {
      "name": "Alan Walker",
      "uri": "spotify:artist:7vk5e3vY1uw9plTHJAMwjN"
    },
    {
      "name": "Arctic Monkeys",
      "uri": "spotify:artist:7Ln80lUS6He07XvHI8qqHH"
    },
    {
      "name": "Coldplay",
      "uri": "spotify:artist:4gzpq5DPGxSnKTe4SA8HAU"
    },
    {
      "name": "Imagine Dragons",
      "uri": "spotify:artist:53XhwfbYqKCa1cC15pYq2q"
    },
    {
      "name": "Panic! At The Disco",
      "uri": "spotify:artist:20JZFwl6HVl6yg8a4H3ZqK"
    },
    {
      "name": "The Score",
      "uri": "spotify:artist:2q3GG88dVwuQPF4FmySr9I"
    },
    {
      "name": "The Weeknd",
      "uri": "spotify:artist:1Xyo4u8uXC1ZmMpatF05PJ"
    },
    {
      "name": "Twenty One Two",
      "uri": "spotify:artist:2A5VOguZzXMBrg27MEUZcp"
    },
    {
      "name": "WALK THE MOON",
      "uri": "spotify:artist:6DIS6PRrLS3wbnZsf7vYic"
    }
  ],
  "bannedArtists": [
  ],
  "other": [
    "spotify:local:Samsung:Samsung:Over+the+horizon:186"
  ]
}